Sr_No,country,alpha_2_code,alpha_3_code,numeric_code,indicator,time_period,obs_value,sex,unit_multiplier,unit_of_measure,observation_status,observation_confidentaility,time_period_activity_related_to_when_the_data_are_collected,current_age,"Population, total",GDP per capita (constant 2015 US$),GNI (current US$),"Inflation, consumer prices (annual %)","Life expectancy at birth, total (years)",Military expenditure (% of GDP)
82017,Albania,AL,ALB,8,Average number of deprivations for children suffering at least one deprivation. Homogeneous severe standards,2017,1.02876544,Female,,%,,,,Total,2873457,4249.820049,13051517644,1.986661332,79.047,1.109151006
82017,Albania,AL,ALB,8,Average number of deprivations for children suffering at least one deprivation. Homogeneous severe standards,2017,1.045034051,Male,,%,,,,Total,2873457,4249.820049,13051517644,1.986661332,79.047,1.109151006
82017,Albania,AL,ALB,8,Average number of deprivations for children suffering at least one deprivation. Homogeneous severe standards,2017,1.03637743,Total,,%,,,,Total,2873457,4249.820049,13051517644,1.986661332,79.047,1.109151006
122012,Algeria,DZ,DZA,12,Average number of deprivations for children suffering at least one deprivation. Homogeneous severe standards,2012,1.087596416,Female,,%,,,,Total,37260563,4025.641484,2.06412E+11,8.891450911,74.202,4.46107862
122012,Algeria,DZ,DZA,12,Average number of deprivations for children suffering at least one deprivation. Homogeneous severe standards,2012,1.084321499,Male,,%,,,,Total,37260563,4025.641484,2.06412E+11,8.891450911,74.202,4.46107862
122012,Algeria,DZ,DZA,12,Average number of deprivations for children suffering at least one deprivation. Homogeneous severe standards,2012,1.085891247,Total,,%,,,,Total,37260563,4025.641484,2.06412E+11,8.891450911,74.202,4.46107862
242015,Angola,AO,AGO,24,Average number of deprivations for children suffering at least one deprivation. Homogeneous severe standards,2015,1.623658657,Female,,%,,,,Total,28127721,3217.339244,85895384685,9.353839725,60.655,3.105426293
242015,Angola,AO,AGO,24,Average number of deprivations for children suffering at least one deprivation. Homogeneous severe standards,2015,1.616481543,Male,,%,,,,Total,28127721,3217.339244,85895384685,9.353839725,60.655,3.105426293
242015,Angola,AO,AGO,24,Average number of deprivations for children suffering at least one deprivation. Homogeneous severe standards,2015,1.620116234,Total,,%,,,,Total,28127721,3217.339244,85895384685,9.353839725,60.655,3.105426293
512015,Armenia,AM,ARM,51,Average number of deprivations for children suffering at least one deprivation. Homogeneous severe standards,2015,1.002436399,Female,,%,,,,Total,2878595,3666.141822,10981745036,3.731691193,74.436,4.239225786
512015,Armenia,AM,ARM,51,Average number of deprivations for children suffering at least one deprivation. Homogeneous severe standards,2015,1.064145446,Male,,%,,,,Total,2878595,3666.141822,10981745036,3.731691193,74.436,4.239225786
512015,Armenia,AM,ARM,51,Average number of deprivations for children suffering at least one deprivation. Homogeneous severe standards,2015,1.036762834,Total,,%,,,,Total,2878595,3666.141822,10981745036,3.731691193,74.436,4.239225786
502014,Bangladesh,BD,BGD,50,Average number of deprivations for children suffering at least one deprivation. Homogeneous severe standards,2014,1.15975666,Female,,%,,,,Total,155961299,1173.893,1.84407E+11,6.991638892,69.986,1.136443272
502014,Bangladesh,BD,BGD,50,Average number of deprivations for children suffering at least one deprivation. Homogeneous severe standards,2014,1.160531044,Male,,%,,,,Total,155961299,1173.893,1.84407E+11,6.991638892,69.986,1.136443272
502014,Bangladesh,BD,BGD,50,Average number of deprivations for children suffering at least one deprivation. Homogeneous severe standards,2014,1.160138488,Total,,%,,,,Total,155961299,1173.893,1.84407E+11,6.991638892,69.986,1.136443272
842015,Belize,BZ,BLZ,84,Average number of deprivations for children suffering at least one deprivation. Homogeneous severe standards,2015,1.104809523,Female,,%,,,,Total,359871,6098.60008,2099243401,-0.861584009,73.187,0.892029622
842015,Belize,BZ,BLZ,84,Average number of deprivations for children suffering at least one deprivation. Homogeneous severe standards,2015,1.129578114,Male,,%,,,,Total,359871,6098.60008,2099243401,-0.861584009,73.187,0.892029622
842015,Belize,BZ,BLZ,84,Average number of deprivations for children suffering at least one deprivation. Homogeneous severe standards,2015,1.117213964,Total,,%,,,,Total,359871,6098.60008,2099243401,-0.861584009,73.187,0.892029622
2042017,Benin,BJ,BEN,204,Average number of deprivations for children suffering at least one deprivation. Homogeneous severe standards,2017,1.501115441,Female,,%,,,,Total,11596779,1072.362032,12561417748,1.769412474,59.856,0.920613124
2042017,Benin,BJ,BEN,204,Average number of deprivations for children suffering at least one deprivation. Homogeneous severe standards,2017,1.459660292,Male,,%,,,,Total,11596779,1072.362032,12561417748,1.769412474,59.856,0.920613124
2042017,Benin,BJ,BEN,204,Average number of deprivations for children suffering at least one deprivation. Homogeneous severe standards,2017,1.480118275,Total,,%,,,,Total,11596779,1072.362032,12561417748,1.769412474,59.856,0.920613124
1042015,Burma,MM,MMR,104,Average number of deprivations for children suffering at least one deprivation. Homogeneous severe standards,2015,1.264906526,Female,,%,,,,Total,51483949,1159.340201,57582220138,9.454171895,65.561,4.301360264
1042015,Burma,MM,MMR,104,Average number of deprivations for children suffering at least one deprivation. Homogeneous severe standards,2015,1.25112319,Male,,%,,,,Total,51483949,1159.340201,57582220138,9.454171895,65.561,4.301360264
1042015,Burma,MM,MMR,104,Average number of deprivations for children suffering at least one deprivation. Homogeneous severe standards,2015,1.257956386,Total,,%,,,,Total,51483949,1159.340201,57582220138,9.454171895,65.561,4.301360264
1082016,Burundi,BI,BDI,108,Average number of deprivations for children suffering at least one deprivation. Homogeneous severe standards,2016,1.13476634,Female,,%,,,,Total,10903327,282.9759666,2643216721,5.557689614,60.793,2.243163864
1082016,Burundi,BI,BDI,108,Average number of deprivations for children suffering at least one deprivation. Homogeneous severe standards,2016,1.13452673,Male,,%,,,,Total,10903327,282.9759666,2643216721,5.557689614,60.793,2.243163864
1082016,Burundi,BI,BDI,108,Average number of deprivations for children suffering at least one deprivation. Homogeneous severe standards,2016,1.134646177,Total,,%,,,,Total,10903327,282.9759666,2643216721,5.557689614,60.793,2.243163864
1162014,Cambodia,KH,KHM,116,Average number of deprivations for children suffering at least one deprivation. Homogeneous severe standards,2014,1.691435456,Female,,%,,,,Total,15210817,1109.375653,15771426667,3.855688614,69.736,1.656794879
1162014,Cambodia,KH,KHM,116,Average number of deprivations for children suffering at least one deprivation. Homogeneous severe standards,2014,1.705768824,Male,,%,,,,Total,15210817,1109.375653,15771426667,3.855688614,69.736,1.656794879
1162014,Cambodia,KH,KHM,116,Average number of deprivations for children suffering at least one deprivation. Homogeneous severe standards,2014,1.698785305,Total,,%,,,,Total,15210817,1109.375653,15771426667,3.855688614,69.736,1.656794879
1202018,Cameroon,CM,CMR,120,Average number of deprivations for children suffering at least one deprivation. Homogeneous severe standards,2018,1.25144732,Female,,%,,,,Total,25076747,1445.267771,39233896780,1.068858113,61.18,1.076009818
1202018,Cameroon,CM,CMR,120,Average number of deprivations for children suffering at least one deprivation. Homogeneous severe standards,2018,1.265482545,Male,,%,,,,Total,25076747,1445.267771,39233896780,1.068858113,61.18,1.076009818
1202018,Cameroon,CM,CMR,120,Average number of deprivations for children suffering at least one deprivation. Homogeneous severe standards,2018,1.258290052,Total,,%,,,,Total,25076747,1445.267771,39233896780,1.068858113,61.18,1.076009818
1482014,Chad,TD,TCD,148,Average number of deprivations for children suffering at least one deprivation. Homogeneous severe standards,2014,1.707707644,Female,,%,,,,Total,13697126,777.9356811,13336601200,1.681973139,51.202,2.806514006
1482014,Chad,TD,TCD,148,Average number of deprivations for children suffering at least one deprivation. Homogeneous severe standards,2014,1.644938707,Male,,%,,,,Total,13697126,777.9356811,13336601200,1.681973139,51.202,2.806514006
1482014,Chad,TD,TCD,148,Average number of deprivations for children suffering at least one deprivation. Homogeneous severe standards,2014,1.676025629,Total,,%,,,,Total,13697126,777.9356811,13336601200,1.681973139,51.202,2.806514006
1742012,Comoros,KM,COM,174,Average number of deprivations for children suffering at least one deprivation. Homogeneous severe standards,2012,1.14976716,Female,,%,,,,Total,684553,1307.973031,1014150824,6.314744503,61.834,0
1742012,Comoros,KM,COM,174,Average number of deprivations for children suffering at least one deprivation. Homogeneous severe standards,2012,1.149827361,Male,,%,,,,Total,684553,1307.973031,1014150824,6.314744503,61.834,0
1742012,Comoros,KM,COM,174,Average number of deprivations for children suffering at least one deprivation. Homogeneous severe standards,2012,1.149798393,Total,,%,,,,Total,684553,1307.973031,1014150824,6.314744503,61.834,0
1782012,Congo,CG,COG,178,Average number of deprivations for children suffering at least one deprivation. Homogeneous severe standards,2012,1.28889811,Female,,%,,,,Total,4713257,2481.301793,16736472283,5.010187731,62.317,0
1782012,Congo,CG,COG,178,Average number of deprivations for children suffering at least one deprivation. Homogeneous severe standards,2012,1.256940961,Male,,%,,,,Total,4713257,2481.301793,16736472283,5.010187731,62.317,0
1782012,Congo,CG,COG,178,Average number of deprivations for children suffering at least one deprivation. Homogeneous severe standards,2012,1.273021221,Total,,%,,,,Total,4713257,2481.301793,16736472283,5.010187731,62.317,0
1802013,"Congo, the Democratic Republic of the",CD,COD,180,Average number of deprivations for children suffering at least one deprivation. Homogeneous severe standards,2013,1.31741035,Female,,%,,,,Total,73460021,441.0129783,29868626862,0.808223101,57.762,1.146177977
1802013,"Congo, the Democratic Republic of the",CD,COD,180,Average number of deprivations for children suffering at least one deprivation. Homogeneous severe standards,2013,1.290324807,Male,,%,,,,Total,73460021,441.0129783,29868626862,0.808223101,57.762,1.146177977
1802013,"Congo, the Democratic Republic of the",CD,COD,180,Average number of deprivations for children suffering at least one deprivation. Homogeneous severe standards,2013,1.304148912,Total,,%,,,,Total,73460021,441.0129783,29868626862,0.808223101,57.762,1.146177977
1882018,Costa Rica,CR,CRI,188,Average number of deprivations for children suffering at least one deprivation. Homogeneous severe standards,2018,1.022098184,Female,,%,,,,Total,5040734,12470.95742,59076164992,2.221114615,79.484,0
1882018,Costa Rica,CR,CRI,188,Average number of deprivations for children suffering at least one deprivation. Homogeneous severe standards,2018,1.011825562,Male,,%,,,,Total,5040734,12470.95742,59076164992,2.221114615,79.484,0
1882018,Costa Rica,CR,CRI,188,Average number of deprivations for children suffering at least one deprivation. Homogeneous severe standards,2018,1.017034173,Total,,%,,,,Total,5040734,12470.95742,59076164992,2.221114615,79.484,0
2142013,Dominican Republic,DO,DOM,214,Average number of deprivations for children suffering at least one deprivation. Homogeneous severe standards,2013,1.103178024,Female,,%,,,,Total,10157051,6120.991164,59709859337,4.830950967,72.713,0.611824773
2142013,Dominican Republic,DO,DOM,214,Average number of deprivations for children suffering at least one deprivation. Homogeneous severe standards,2013,1.100897551,Male,,%,,,,Total,10157051,6120.991164,59709859337,4.830950967,72.713,0.611824773
2142013,Dominican Republic,DO,DOM,214,Average number of deprivations for children suffering at least one deprivation. Homogeneous severe standards,2013,1.101958036,Total,,%,,,,Total,10157051,6120.991164,59709859337,4.830950967,72.713,0.611824773
8182014,Egypt,EG,EGY,818,Average number of deprivations for children suffering at least one deprivation. Homogeneous severe standards,2014,1.054327011,Female,,%,,,,Total,95592324,3301.204443,2.98333E+11,10.07021547,70.415,1.689694836
8182014,Egypt,EG,EGY,818,Average number of deprivations for children suffering at least one deprivation. Homogeneous severe standards,2014,1.055354357,Male,,%,,,,Total,95592324,3301.204443,2.98333E+11,10.07021547,70.415,1.689694836
8182014,Egypt,EG,EGY,818,Average number of deprivations for children suffering at least one deprivation. Homogeneous severe standards,2014,1.054861784,Total,,%,,,,Total,95592324,3301.204443,2.98333E+11,10.07021547,70.415,1.689694836
2222014,El Salvador,SV,SLV,222,Average number of deprivations for children suffering at least one deprivation. Homogeneous severe standards,2014,1.122469902,Female,,%,,,,Total,6209526,3686.095562,21558030000,1.141344675,71.746,1.035254877
2222014,El Salvador,SV,SLV,222,Average number of deprivations for children suffering at least one deprivation. Homogeneous severe standards,2014,1.128889322,Male,,%,,,,Total,6209526,3686.095562,21558030000,1.141344675,71.746,1.035254877
2222014,El Salvador,SV,SLV,222,Average number of deprivations for children suffering at least one deprivation. Homogeneous severe standards,2014,1.125741363,Total,,%,,,,Total,6209526,3686.095562,21558030000,1.141344675,71.746,1.035254877
2312016,Ethiopia,ET,ETH,231,Average number of deprivations for children suffering at least one deprivation. Homogeneous severe standards,2016,1.68973124,Female,,%,,,,Total,105293228,671.2905759,74054063837,6.628133372,64.392,0.68356721
2312016,Ethiopia,ET,ETH,231,Average number of deprivations for children suffering at least one deprivation. Homogeneous severe standards,2016,1.691220045,Male,,%,,,,Total,105293228,671.2905759,74054063837,6.628133372,64.392,0.68356721
2312016,Ethiopia,ET,ETH,231,Average number of deprivations for children suffering at least one deprivation. Homogeneous severe standards,2016,1.69049871,Total,,%,,,,Total,105293228,671.2905759,74054063837,6.628133372,64.392,0.68356721
2662012,Gabon,GA,GAB,266,Average number of deprivations for children suffering at least one deprivation. Homogeneous severe standards,2012,1.125307322,Female,,%,,,,Total,1836705,6840.948612,15456970451,2.652418287,64.587,1.619804648
2662012,Gabon,GA,GAB,266,Average number of deprivations for children suffering at least one deprivation. Homogeneous severe standards,2012,1.14577055,Male,,%,,,,Total,1836705,6840.948612,15456970451,2.652418287,64.587,1.619804648
2662012,Gabon,GA,GAB,266,Average number of deprivations for children suffering at least one deprivation. Homogeneous severe standards,2012,1.135199189,Total,,%,,,,Total,1836705,6840.948612,15456970451,2.652418287,64.587,1.619804648
2702018,Gambia,GM,GMB,270,Average number of deprivations for children suffering at least one deprivation. Homogeneous severe standards,2018,1.064790487,Female,,%,,,,Total,2444916,645.9381872,1641472105,6.520968239,63.04,0.715876284
2702018,Gambia,GM,GMB,270,Average number of deprivations for children suffering at least one deprivation. Homogeneous severe standards,2018,1.072509646,Male,,%,,,,Total,2444916,645.9381872,1641472105,6.520968239,63.04,0.715876284
2702018,Gambia,GM,GMB,270,Average number of deprivations for children suffering at least one deprivation. Homogeneous severe standards,2018,1.068873167,Total,,%,,,,Total,2444916,645.9381872,1641472105,6.520968239,63.04,0.715876284
2882014,Ghana,GH,GHA,288,Average number of deprivations for children suffering at least one deprivation. Homogeneous severe standards,2014,1.305416703,Female,,%,,,,Total,28196358,1715.823963,51920567774,15.48961603,63.045,0.484989035
2882014,Ghana,GH,GHA,288,Average number of deprivations for children suffering at least one deprivation. Homogeneous severe standards,2014,1.276021481,Male,,%,,,,Total,28196358,1715.823963,51920567774,15.48961603,63.045,0.484989035
2882014,Ghana,GH,GHA,288,Average number of deprivations for children suffering at least one deprivation. Homogeneous severe standards,2014,1.289941907,Total,,%,,,,Total,28196358,1715.823963,51920567774,15.48961603,63.045,0.484989035
3202014,Guatemala,GT,GTM,320,Average number of deprivations for children suffering at least one deprivation. Homogeneous severe standards,2014,1.273892641,Female,,%,,,,Total,15306316,3903.051966,56335052824,3.418361697,71.964,0.424656428
3202014,Guatemala,GT,GTM,320,Average number of deprivations for children suffering at least one deprivation. Homogeneous severe standards,2014,1.27620244,Male,,%,,,,Total,15306316,3903.051966,56335052824,3.418361697,71.964,0.424656428
3202014,Guatemala,GT,GTM,320,Average number of deprivations for children suffering at least one deprivation. Homogeneous severe standards,2014,1.275036216,Total,,%,,,,Total,15306316,3903.051966,56335052824,3.418361697,71.964,0.424656428
3242018,Guinea,GN,GIN,324,Average number of deprivations for children suffering at least one deprivation. Homogeneous severe standards,2018,1.291307926,Female,,%,,,,Total,12554864,910.6526419,11448771551,9.827617013,59.349,1.636814205
3242018,Guinea,GN,GIN,324,Average number of deprivations for children suffering at least one deprivation. Homogeneous severe standards,2018,1.299119949,Male,,%,,,,Total,12554864,910.6526419,11448771551,9.827617013,59.349,1.636814205
3242018,Guinea,GN,GIN,324,Average number of deprivations for children suffering at least one deprivation. Homogeneous severe standards,2018,1.295072198,Total,,%,,,,Total,12554864,910.6526419,11448771551,9.827617013,59.349,1.636814205
6242014,Guinea-Bissau,GW,GNB,624,Average number of deprivations for children suffering at least one deprivation. Homogeneous severe standards,2014,1.182530284,Female,,%,,,,Total,1743309,566.5355786,1092300626,-1.509244606,58.61,1.893804361
6242014,Guinea-Bissau,GW,GNB,624,Average number of deprivations for children suffering at least one deprivation. Homogeneous severe standards,2014,1.182579041,Male,,%,,,,Total,1743309,566.5355786,1092300626,-1.509244606,58.61,1.893804361
6242014,Guinea-Bissau,GW,GNB,624,Average number of deprivations for children suffering at least one deprivation. Homogeneous severe standards,2014,1.182554603,Total,,%,,,,Total,1743309,566.5355786,1092300626,-1.509244606,58.61,1.893804361
3282014,Guyana,GY,GUY,328,Average number of deprivations for children suffering at least one deprivation. Homogeneous severe standards,2014,1.185455203,Female,,%,,,,Total,751115,5659.081803,4154360158,0.852630498,67.882,0.95165217
3282014,Guyana,GY,GUY,328,Average number of deprivations for children suffering at least one deprivation. Homogeneous severe standards,2014,1.14877677,Male,,%,,,,Total,751115,5659.081803,4154360158,0.852630498,67.882,0.95165217
3282014,Guyana,GY,GUY,328,Average number of deprivations for children suffering at least one deprivation. Homogeneous severe standards,2014,1.167852998,Total,,%,,,,Total,751115,5659.081803,4154360158,0.852630498,67.882,0.95165217
3322016,Haiti,HT,HTI,332,Average number of deprivations for children suffering at least one deprivation. Homogeneous severe standards,2016,1.302470207,Female,,%,,,,Total,10713849,1411.14311,14117174034,11.50290739,63.392,0.048224998
3322016,Haiti,HT,HTI,332,Average number of deprivations for children suffering at least one deprivation. Homogeneous severe standards,2016,1.301141739,Male,,%,,,,Total,10713849,1411.14311,14117174034,11.50290739,63.392,0.048224998
3322016,Haiti,HT,HTI,332,Average number of deprivations for children suffering at least one deprivation. Homogeneous severe standards,2016,1.301779866,Total,,%,,,,Total,10713849,1411.14311,14117174034,11.50290739,63.392,0.048224998
3402011,Honduras,HN,HND,340,Average number of deprivations for children suffering at least one deprivation. Homogeneous severe standards,2011,1.296394825,Female,,%,,,,Total,8622504,2124.187516,16768716966,6.762279573,71.439,1.131309103
3402011,Honduras,HN,HND,340,Average number of deprivations for children suffering at least one deprivation. Homogeneous severe standards,2011,1.310651183,Male,,%,,,,Total,8622504,2124.187516,16768716966,6.762279573,71.439,1.131309103
3402011,Honduras,HN,HND,340,Average number of deprivations for children suffering at least one deprivation. Homogeneous severe standards,2011,1.303837538,Total,,%,,,,Total,8622504,2124.187516,16768716966,6.762279573,71.439,1.131309103
3562015,India,IN,IND,356,Average number of deprivations for children suffering at least one deprivation. Homogeneous severe standards,2015,1.430021167,Female,,%,,,,Total,1322866505,1590.174331,2.07918E+12,4.906973441,69.636,2.457450061
3562015,India,IN,IND,356,Average number of deprivations for children suffering at least one deprivation. Homogeneous severe standards,2015,1.404947758,Male,,%,,,,Total,1322866505,1590.174331,2.07918E+12,4.906973441,69.636,2.457450061
3562015,India,IN,IND,356,Average number of deprivations for children suffering at least one deprivation. Homogeneous severe standards,2015,1.417207599,Total,,%,,,,Total,1322866505,1590.174331,2.07918E+12,4.906973441,69.636,2.457450061
3682018,Iraq,IQ,IRQ,368,Average number of deprivations for children suffering at least one deprivation. Homogeneous severe standards,2018,1.095770359,Female,,%,,,,Total,40590700,4710.976149,2.25613E+11,0.367441489,71.514,2.83413771
3682018,Iraq,IQ,IRQ,368,Average number of deprivations for children suffering at least one deprivation. Homogeneous severe standards,2018,1.074159145,Male,,%,,,,Total,40590700,4710.976149,2.25613E+11,0.367441489,71.514,2.83413771
3682018,Iraq,IQ,IRQ,368,Average number of deprivations for children suffering at least one deprivation. Homogeneous severe standards,2018,1.085204601,Total,,%,,,,Total,40590700,4710.976149,2.25613E+11,0.367441489,71.514,2.83413771
3842011,Ivory Coast,CI,CIV,384,Average number of deprivations for children suffering at least one deprivation. Homogeneous severe standards,2011,1.371906519,Female,,%,,,,Total,21562914,1520.342303,24425274903,4.912433951,55.52,1.007057862
3842011,Ivory Coast,CI,CIV,384,Average number of deprivations for children suffering at least one deprivation. Homogeneous severe standards,2011,1.341885209,Male,,%,,,,Total,21562914,1520.342303,24425274903,4.912433951,55.52,1.007057862
3842011,Ivory Coast,CI,CIV,384,Average number of deprivations for children suffering at least one deprivation. Homogeneous severe standards,2011,1.357048154,Total,,%,,,,Total,21562914,1520.342303,24425274903,4.912433951,55.52,1.007057862
4042014,Kenya,KE,KEN,404,Average number of deprivations for children suffering at least one deprivation. Homogeneous severe standards,2014,1.429317117,Female,,%,,,,Total,45831863,1457.543066,60579831276,6.878154993,61.816,1.199433367
4042014,Kenya,KE,KEN,404,Average number of deprivations for children suffering at least one deprivation. Homogeneous severe standards,2014,1.433501363,Male,,%,,,,Total,45831863,1457.543066,60579831276,6.878154993,61.816,1.199433367
4042014,Kenya,KE,KEN,404,Average number of deprivations for children suffering at least one deprivation. Homogeneous severe standards,2014,1.431435704,Total,,%,,,,Total,45831863,1457.543066,60579831276,6.878154993,61.816,1.199433367
2962018,Kiribati,KI,KIR,296,Average number of deprivations for children suffering at least one deprivation. Homogeneous severe standards,2018,1.309074759,Female,,%,,,,Total,122261,1459.793962,364923344.3,0.564030491,66.855,0
2962018,Kiribati,KI,KIR,296,Average number of deprivations for children suffering at least one deprivation. Homogeneous severe standards,2018,1.311433315,Male,,%,,,,Total,122261,1459.793962,364923344.3,0.564030491,66.855,0
2962018,Kiribati,KI,KIR,296,Average number of deprivations for children suffering at least one deprivation. Homogeneous severe standards,2018,1.310282111,Total,,%,,,,Total,122261,1459.793962,364923344.3,0.564030491,66.855,0
4172018,Kyrgyzstan,KG,KGZ,417,Average number of deprivations for children suffering at least one deprivation. Homogeneous severe standards,2018,1.051208615,Female,,%,,,,Total,6322800,1197.610575,8020105522,1.542661452,71.4,1.537258862
4172018,Kyrgyzstan,KG,KGZ,417,Average number of deprivations for children suffering at least one deprivation. Homogeneous severe standards,2018,1.069815636,Male,,%,,,,Total,6322800,1197.610575,8020105522,1.542661452,71.4,1.537258862
4172018,Kyrgyzstan,KG,KGZ,417,Average number of deprivations for children suffering at least one deprivation. Homogeneous severe standards,2018,1.061335802,Total,,%,,,,Total,6322800,1197.610575,8020105522,1.542661452,71.4,1.537258862
4182017,Lao People's Democratic Republic,LA,LAO,418,Average number of deprivations for children suffering at least one deprivation. Homogeneous severe standards,2017,1.540513992,Female,,%,,,,Total,6997917,2358.372664,16170189391,0.825478608,67.434,0
4182017,Lao People's Democratic Republic,LA,LAO,418,Average number of deprivations for children suffering at least one deprivation. Homogeneous severe standards,2017,1.526547194,Male,,%,,,,Total,6997917,2358.372664,16170189391,0.825478608,67.434,0
4182017,Lao People's Democratic Republic,LA,LAO,418,Average number of deprivations for children suffering at least one deprivation. Homogeneous severe standards,2017,1.533398867,Total,,%,,,,Total,6997917,2358.372664,16170189391,0.825478608,67.434,0
4262014,Lesotho,LS,LSO,426,Average number of deprivations for children suffering at least one deprivation. Homogeneous severe standards,2014,1.271845222,Female,,%,,,,Total,2095242,1092.094266,2719632973,5.37028961,50.033,1.953797373
4262014,Lesotho,LS,LSO,426,Average number of deprivations for children suffering at least one deprivation. Homogeneous severe standards,2014,1.300267577,Male,,%,,,,Total,2095242,1092.094266,2719632973,5.37028961,50.033,1.953797373
4262014,Lesotho,LS,LSO,426,Average number of deprivations for children suffering at least one deprivation. Homogeneous severe standards,2014,1.286057949,Total,,%,,,,Total,2095242,1092.094266,2719632973,5.37028961,50.033,1.953797373
4302013,Liberia,LR,LBR,430,Average number of deprivations for children suffering at least one deprivation. Homogeneous severe standards,2013,1.487285733,Female,,%,,,,Total,4427313,723.9591843,2875704600,7.577306817,59.943,1.081236773
4302013,Liberia,LR,LBR,430,Average number of deprivations for children suffering at least one deprivation. Homogeneous severe standards,2013,1.499972582,Male,,%,,,,Total,4427313,723.9591843,2875704600,7.577306817,59.943,1.081236773
4302013,Liberia,LR,LBR,430,Average number of deprivations for children suffering at least one deprivation. Homogeneous severe standards,2013,1.493771911,Total,,%,,,,Total,4427313,723.9591843,2875704600,7.577306817,59.943,1.081236773
4502018,Madagascar,MG,MDG,450,Average number of deprivations for children suffering at least one deprivation. Homogeneous severe standards,2018,1.731654644,Female,,%,,,,Total,26846541,470.4238983,13299570422,8.594229589,65.27,0.532102174
4502018,Madagascar,MG,MDG,450,Average number of deprivations for children suffering at least one deprivation. Homogeneous severe standards,2018,1.761041641,Male,,%,,,,Total,26846541,470.4238983,13299570422,8.594229589,65.27,0.532102174
4502018,Madagascar,MG,MDG,450,Average number of deprivations for children suffering at least one deprivation. Homogeneous severe standards,2018,1.746564746,Total,,%,,,,Total,26846541,470.4238983,13299570422,8.594229589,65.27,0.532102174
4542015,Malawi,MW,MWI,454,Average number of deprivations for children suffering at least one deprivation. Homogeneous severe standards,2015,1.16872263,Female,,%,,,,Total,16938942,544.2768727,8999698475,21.86734755,61.378,0.450825678
4542015,Malawi,MW,MWI,454,Average number of deprivations for children suffering at least one deprivation. Homogeneous severe standards,2015,1.158624768,Male,,%,,,,Total,16938942,544.2768727,8999698475,21.86734755,61.378,0.450825678
4542015,Malawi,MW,MWI,454,Average number of deprivations for children suffering at least one deprivation. Homogeneous severe standards,2015,1.163704753,Total,,%,,,,Total,16938942,544.2768727,8999698475,21.86734755,61.378,0.450825678
4622016,Maldives,MV,MDV,462,Average number of deprivations for children suffering at least one deprivation. Homogeneous severe standards,2016,1.036522031,Female,,%,,,,Total,454252,9688.248288,4057032049,0.502509414,79.872,0
4622016,Maldives,MV,MDV,462,Average number of deprivations for children suffering at least one deprivation. Homogeneous severe standards,2016,1.034787536,Male,,%,,,,Total,454252,9688.248288,4057032049,0.502509414,79.872,0
4622016,Maldives,MV,MDV,462,Average number of deprivations for children suffering at least one deprivation. Homogeneous severe standards,2016,1.035577059,Total,,%,,,,Total,454252,9688.248288,4057032049,0.502509414,79.872,0
4662018,Mali,ML,MLI,466,Average number of deprivations for children suffering at least one deprivation. Homogeneous severe standards,2018,1.232476354,Female,,%,,,,Total,19934298,767.5715955,16560622892,0.299546507,59.393,2.823595537
4662018,Mali,ML,MLI,466,Average number of deprivations for children suffering at least one deprivation. Homogeneous severe standards,2018,1.221764088,Male,,%,,,,Total,19934298,767.5715955,16560622892,0.299546507,59.393,2.823595537
4662018,Mali,ML,MLI,466,Average number of deprivations for children suffering at least one deprivation. Homogeneous severe standards,2018,1.227145195,Total,,%,,,,Total,19934298,767.5715955,16560622892,0.299546507,59.393,2.823595537
4782015,Mauritania,MR,MRT,478,Average number of deprivations for children suffering at least one deprivation. Homogeneous severe standards,2015,1.590252042,Female,,%,,,,Total,3946220,1562.726836,5986769163,3.254726881,64.485,2.155572404
4782015,Mauritania,MR,MRT,478,Average number of deprivations for children suffering at least one deprivation. Homogeneous severe standards,2015,1.598161817,Male,,%,,,,Total,3946220,1562.726836,5986769163,3.254726881,64.485,2.155572404
4782015,Mauritania,MR,MRT,478,Average number of deprivations for children suffering at least one deprivation. Homogeneous severe standards,2015,1.594143391,Total,,%,,,,Total,3946220,1562.726836,5986769163,3.254726881,64.485,2.155572404
4842015,Mexico,MX,MEX,484,Average number of deprivations for children suffering at least one deprivation. Homogeneous severe standards,2015,1.07143259,Female,,%,,,,Total,120149897,10098.17318,1.18296E+12,2.72064065,74.682,0.466676122
4842015,Mexico,MX,MEX,484,Average number of deprivations for children suffering at least one deprivation. Homogeneous severe standards,2015,1.071562886,Male,,%,,,,Total,120149897,10098.17318,1.18296E+12,2.72064065,74.682,0.466676122
4842015,Mexico,MX,MEX,484,Average number of deprivations for children suffering at least one deprivation. Homogeneous severe standards,2015,1.071494699,Total,,%,,,,Total,120149897,10098.17318,1.18296E+12,2.72064065,74.682,0.466676122
4962018,Mongolia,MN,MNG,496,Average number of deprivations for children suffering at least one deprivation. Homogeneous severe standards,2018,1.165852666,Female,,%,,,,Total,3163991,4242.300222,11943636998,6.824247901,71.199,0.727577568
4962018,Mongolia,MN,MNG,496,Average number of deprivations for children suffering at least one deprivation. Homogeneous severe standards,2018,1.163629174,Male,,%,,,,Total,3163991,4242.300222,11943636998,6.824247901,71.199,0.727577568
4962018,Mongolia,MN,MNG,496,Average number of deprivations for children suffering at least one deprivation. Homogeneous severe standards,2018,1.164701939,Total,,%,,,,Total,3163991,4242.300222,11943636998,6.824247901,71.199,0.727577568
5082011,Mozambique,MZ,MOZ,508,Average number of deprivations for children suffering at least one deprivation. Homogeneous severe standards,2011,1.543136597,Female,,%,,,,Total,23760421,512.4563953,14126352399,11.16660561,54.869,0.826553225
5082011,Mozambique,MZ,MOZ,508,Average number of deprivations for children suffering at least one deprivation. Homogeneous severe standards,2011,1.51762116,Male,,%,,,,Total,23760421,512.4563953,14126352399,11.16660561,54.869,0.826553225
5082011,Mozambique,MZ,MOZ,508,Average number of deprivations for children suffering at least one deprivation. Homogeneous severe standards,2011,1.530637264,Total,,%,,,,Total,23760421,512.4563953,14126352399,11.16660561,54.869,0.826553225
5162013,Namibia,,NAM,516,Average number of deprivations for children suffering at least one deprivation. Homogeneous severe standards,2013,1.259711623,Female,,%,,,,Total,#N/A,,,,,
5162013,Namibia,,NAM,516,Average number of deprivations for children suffering at least one deprivation. Homogeneous severe standards,2013,1.247266531,Male,,%,,,,Total,#N/A,,,,,
5162013,Namibia,,NAM,516,Average number of deprivations for children suffering at least one deprivation. Homogeneous severe standards,2013,1.253430724,Total,,%,,,,Total,#N/A,,,,,
5242016,Nepal,NP,NPL,524,Average number of deprivations for children suffering at least one deprivation. Homogeneous severe standards,2016,1.244333744,Female,,%,,,,Total,27861186,878.1503885,24843843666,8.79034332,68.776,1.469374613
5242016,Nepal,NP,NPL,524,Average number of deprivations for children suffering at least one deprivation. Homogeneous severe standards,2016,1.219892144,Male,,%,,,,Total,27861186,878.1503885,24843843666,8.79034332,68.776,1.469374613
5242016,Nepal,NP,NPL,524,Average number of deprivations for children suffering at least one deprivation. Homogeneous severe standards,2016,1.232507467,Total,,%,,,,Total,27861186,878.1503885,24843843666,8.79034332,68.776,1.469374613
5622012,Niger,NE,NER,562,Average number of deprivations for children suffering at least one deprivation. Homogeneous severe standards,2012,1.637680292,Female,,%,,,,Total,17954407,460.0322366,9746582481,0.45508982,59.65,1.623984369
5622012,Niger,NE,NER,562,Average number of deprivations for children suffering at least one deprivation. Homogeneous severe standards,2012,1.604560494,Male,,%,,,,Total,17954407,460.0322366,9746582481,0.45508982,59.65,1.623984369
5622012,Niger,NE,NER,562,Average number of deprivations for children suffering at least one deprivation. Homogeneous severe standards,2012,1.620859623,Total,,%,,,,Total,17954407,460.0322366,9746582481,0.45508982,59.65,1.623984369
5662018,Nigeria,NG,NGA,566,Average number of deprivations for children suffering at least one deprivation. Homogeneous severe standards,2018,1.375938773,Female,,%,,,,Total,198387623,2512.080475,4.10487E+11,12.09510652,52.554,0.506944517
5662018,Nigeria,NG,NGA,566,Average number of deprivations for children suffering at least one deprivation. Homogeneous severe standards,2018,1.375830412,Male,,%,,,,Total,198387623,2512.080475,4.10487E+11,12.09510652,52.554,0.506944517
5662018,Nigeria,NG,NGA,566,Average number of deprivations for children suffering at least one deprivation. Homogeneous severe standards,2018,1.375884175,Total,,%,,,,Total,198387623,2512.080475,4.10487E+11,12.09510652,52.554,0.506944517
5862017,Pakistan,PK,PAK,586,Average number of deprivations for children suffering at least one deprivation. Homogeneous severe standards,2017,1.440819144,Female,,%,,,,Total,216379655,1542.904071,3.34192E+11,4.08537368,66.297,3.082317827
5862017,Pakistan,PK,PAK,586,Average number of deprivations for children suffering at least one deprivation. Homogeneous severe standards,2017,1.392203212,Male,,%,,,,Total,216379655,1542.904071,3.34192E+11,4.08537368,66.297,3.082317827
5862017,Pakistan,PK,PAK,586,Average number of deprivations for children suffering at least one deprivation. Homogeneous severe standards,2017,1.417100787,Total,,%,,,,Total,216379655,1542.904071,3.34192E+11,4.08537368,66.297,3.082317827
5982016,Papua New Guinea,PG,PNG,598,Average number of deprivations for children suffering at least one deprivation. Homogeneous severe standards,2016,1.411850095,Female,,%,,,,Total,8899169,2575.067512,19833357745,6.673728814,64.84,0.381076923
5982016,Papua New Guinea,PG,PNG,598,Average number of deprivations for children suffering at least one deprivation. Homogeneous severe standards,2016,1.414326429,Male,,%,,,,Total,8899169,2575.067512,19833357745,6.673728814,64.84,0.381076923
5982016,Papua New Guinea,PG,PNG,598,Average number of deprivations for children suffering at least one deprivation. Homogeneous severe standards,2016,1.41315639,Total,,%,,,,Total,8899169,2575.067512,19833357745,6.673728814,64.84,0.381076923
6002016,Paraguay,PY,PRY,600,Average number of deprivations for children suffering at least one deprivation. Homogeneous severe standards,2016,1.084881783,Female,,%,,,,Total,6266615,6025.096769,34776760075,4.086822806,73.534,0.950953302
6002016,Paraguay,PY,PRY,600,Average number of deprivations for children suffering at least one deprivation. Homogeneous severe standards,2016,1.102140665,Male,,%,,,,Total,6266615,6025.096769,34776760075,4.086822806,73.534,0.950953302
6002016,Paraguay,PY,PRY,600,Average number of deprivations for children suffering at least one deprivation. Homogeneous severe standards,2016,1.093225837,Total,,%,,,,Total,6266615,6025.096769,34776760075,4.086822806,73.534,0.950953302
6042012,Peru,PE,PER,604,Average number of deprivations for children suffering at least one deprivation. Homogeneous severe standards,2012,1.121114373,Female,,%,,,,Total,29749589,5701.604321,1.80517E+11,3.611212949,74.544,1.483512793
6042012,Peru,PE,PER,604,Average number of deprivations for children suffering at least one deprivation. Homogeneous severe standards,2012,1.120266199,Male,,%,,,,Total,29749589,5701.604321,1.80517E+11,3.611212949,74.544,1.483512793
6042012,Peru,PE,PER,604,Average number of deprivations for children suffering at least one deprivation. Homogeneous severe standards,2012,1.120681643,Total,,%,,,,Total,29749589,5701.604321,1.80517E+11,3.611212949,74.544,1.483512793
6462014,Rwanda,RW,RWA,646,Average number of deprivations for children suffering at least one deprivation. Homogeneous severe standards,2014,1.153119206,Female,,%,,,,Total,11368451,690.455697,8050949112,2.354490528,64.94,1.102738752
6462014,Rwanda,RW,RWA,646,Average number of deprivations for children suffering at least one deprivation. Homogeneous severe standards,2014,1.138850451,Male,,%,,,,Total,11368451,690.455697,8050949112,2.354490528,64.94,1.102738752
6462014,Rwanda,RW,RWA,646,Average number of deprivations for children suffering at least one deprivation. Homogeneous severe standards,2014,1.145713449,Total,,%,,,,Total,11368451,690.455697,8050949112,2.354490528,64.94,1.102738752
6782014,Sao Tome and Principe,ST,STP,678,Average number of deprivations for children suffering at least one deprivation. Homogeneous severe standards,2014,1.236101985,Female,,%,,,,Total,197497,1296.511598,298102170,6.99849944,66.845,0
6782014,Sao Tome and Principe,ST,STP,678,Average number of deprivations for children suffering at least one deprivation. Homogeneous severe standards,2014,1.276121259,Male,,%,,,,Total,197497,1296.511598,298102170,6.99849944,66.845,0
6782014,Sao Tome and Principe,ST,STP,678,Average number of deprivations for children suffering at least one deprivation. Homogeneous severe standards,2014,1.256092906,Total,,%,,,,Total,197497,1296.511598,298102170,6.99849944,66.845,0
6862017,Senegal,SN,SEN,686,Average number of deprivations for children suffering at least one deprivation. Homogeneous severe standards,2017,1.210628748,Female,,%,,,,Total,15157793,1339.568001,20409580182,1.318153148,67.75,1.471062517
6862017,Senegal,SN,SEN,686,Average number of deprivations for children suffering at least one deprivation. Homogeneous severe standards,2017,1.202101469,Male,,%,,,,Total,15157793,1339.568001,20409580182,1.318153148,67.75,1.471062517
6862017,Senegal,SN,SEN,686,Average number of deprivations for children suffering at least one deprivation. Homogeneous severe standards,2017,1.206323028,Total,,%,,,,Total,15157793,1339.568001,20409580182,1.318153148,67.75,1.471062517
6942017,Sierra Leone,SL,SLE,694,Average number of deprivations for children suffering at least one deprivation. Homogeneous severe standards,2017,1.3430264,Female,,%,,,,Total,7677565,611.0839948,3660065392,18.2215094,58.652,1.093816897
6942017,Sierra Leone,SL,SLE,694,Average number of deprivations for children suffering at least one deprivation. Homogeneous severe standards,2017,1.352803469,Male,,%,,,,Total,7677565,611.0839948,3660065392,18.2215094,58.652,1.093816897
6942017,Sierra Leone,SL,SLE,694,Average number of deprivations for children suffering at least one deprivation. Homogeneous severe standards,2017,1.347986221,Total,,%,,,,Total,7677565,611.0839948,3660065392,18.2215094,58.652,1.093816897
7102016,South Africa,ZA,ZAF,710,Average number of deprivations for children suffering at least one deprivation. Homogeneous severe standards,2016,1.114796162,Female,,%,,,,Total,56422274,6185.746047,3.15294E+11,6.571396422,64.747,0.971046765
7102016,South Africa,ZA,ZAF,710,Average number of deprivations for children suffering at least one deprivation. Homogeneous severe standards,2016,1.120218158,Male,,%,,,,Total,56422274,6185.746047,3.15294E+11,6.571396422,64.747,0.971046765
7102016,South Africa,ZA,ZAF,710,Average number of deprivations for children suffering at least one deprivation. Homogeneous severe standards,2016,1.117545724,Total,,%,,,,Total,56422274,6185.746047,3.15294E+11,6.571396422,64.747,0.971046765
7402018,Suriname,SR,SUR,740,Average number of deprivations for children suffering at least one deprivation. Homogeneous severe standards,2018,1.172824264,Female,,%,,,,Total,593715,8751.107602,3608716758,0,72.553,0
7402018,Suriname,SR,SUR,740,Average number of deprivations for children suffering at least one deprivation. Homogeneous severe standards,2018,1.183921933,Male,,%,,,,Total,593715,8751.107602,3608716758,0,72.553,0
7402018,Suriname,SR,SUR,740,Average number of deprivations for children suffering at least one deprivation. Homogeneous severe standards,2018,1.178298235,Total,,%,,,,Total,593715,8751.107602,3608716758,0,72.553,0
7482014,Swaziland,SZ,SWZ,748,Average number of deprivations for children suffering at least one deprivation. Homogeneous severe standards,2014,1.268757105,Female,,%,,,,Total,1125865,3530.360904,4235855029,5.681348858,53.05,1.822876774
7482014,Swaziland,SZ,SWZ,748,Average number of deprivations for children suffering at least one deprivation. Homogeneous severe standards,2014,1.288803101,Male,,%,,,,Total,1125865,3530.360904,4235855029,5.681348858,53.05,1.822876774
7482014,Swaziland,SZ,SWZ,748,Average number of deprivations for children suffering at least one deprivation. Homogeneous severe standards,2014,1.279030681,Total,,%,,,,Total,1125865,3530.360904,4235855029,5.681348858,53.05,1.822876774
7622017,Tajikistan,TJ,TJK,762,Average number of deprivations for children suffering at least one deprivation. Homogeneous severe standards,2017,1.133173347,Female,,%,,,,Total,8925525,1060.996877,8637196640,0,69.905,1.037185337
7622017,Tajikistan,TJ,TJK,762,Average number of deprivations for children suffering at least one deprivation. Homogeneous severe standards,2017,1.148211122,Male,,%,,,,Total,8925525,1060.996877,8637196640,0,69.905,1.037185337
7622017,Tajikistan,TJ,TJK,762,Average number of deprivations for children suffering at least one deprivation. Homogeneous severe standards,2017,1.140802145,Total,,%,,,,Total,8925525,1060.996877,8637196640,0,69.905,1.037185337
8342015,"Tanzania, United Republic of",TZ,TZA,834,Average number of deprivations for children suffering at least one deprivation. Homogeneous severe standards,2015,1.312852144,Female,,%,,,,Total,52542823,929.7998047,46684218024,5.58816953,64.651,1.091369867
8342015,"Tanzania, United Republic of",TZ,TZA,834,Average number of deprivations for children suffering at least one deprivation. Homogeneous severe standards,2015,1.316301465,Male,,%,,,,Total,52542823,929.7998047,46684218024,5.58816953,64.651,1.091369867
8342015,"Tanzania, United Republic of",TZ,TZA,834,Average number of deprivations for children suffering at least one deprivation. Homogeneous severe standards,2015,1.31464684,Total,,%,,,,Total,52542823,929.7998047,46684218024,5.58816953,64.651,1.091369867
7642015,Thailand,TH,THA,764,Average number of deprivations for children suffering at least one deprivation. Homogeneous severe standards,2015,1.05985868,Female,,%,,,,Total,70294397,5708.794091,3.80595E+11,-0.900424963,77.717,1.426580302
7642015,Thailand,TH,THA,764,Average number of deprivations for children suffering at least one deprivation. Homogeneous severe standards,2015,1.035345316,Male,,%,,,,Total,70294397,5708.794091,3.80595E+11,-0.900424963,77.717,1.426580302
7642015,Thailand,TH,THA,764,Average number of deprivations for children suffering at least one deprivation. Homogeneous severe standards,2015,1.047245383,Total,,%,,,,Total,70294397,5708.794091,3.80595E+11,-0.900424963,77.717,1.426580302
6262016,Timor-Leste,TL,TLS,626,Average number of deprivations for children suffering at least one deprivation. Homogeneous severe standards,2016,1.302897811,Female,,%,,,,Total,1224562,1346.550356,2232596900,-1.469842879,67.446,1.588331516
6262016,Timor-Leste,TL,TLS,626,Average number of deprivations for children suffering at least one deprivation. Homogeneous severe standards,2016,1.315695286,Male,,%,,,,Total,1224562,1346.550356,2232596900,-1.469842879,67.446,1.588331516
6262016,Timor-Leste,TL,TLS,626,Average number of deprivations for children suffering at least one deprivation. Homogeneous severe standards,2016,1.309599757,Total,,%,,,,Total,1224562,1346.550356,2232596900,-1.469842879,67.446,1.588331516
7682014,Togo,TG,TGO,768,Average number of deprivations for children suffering at least one deprivation. Homogeneous severe standards,2014,1.461648226,Female,,%,,,,Total,7288383,748.7345102,6439473906,0.190875076,58.853,1.818288863
7682014,Togo,TG,TGO,768,Average number of deprivations for children suffering at least one deprivation. Homogeneous severe standards,2014,1.434575677,Male,,%,,,,Total,7288383,748.7345102,6439473906,0.190875076,58.853,1.818288863
7682014,Togo,TG,TGO,768,Average number of deprivations for children suffering at least one deprivation. Homogeneous severe standards,2014,1.447767258,Total,,%,,,,Total,7288383,748.7345102,6439473906,0.190875076,58.853,1.818288863
7882018,Tunisia,TN,TUN,788,Average number of deprivations for children suffering at least one deprivation. Homogeneous severe standards,2018,1.077241778,Female,,%,,,,Total,11933041,4070.149816,41650260478,7.30759176,75.95,1.97644872
7882018,Tunisia,TN,TUN,788,Average number of deprivations for children suffering at least one deprivation. Homogeneous severe standards,2018,1.064049125,Male,,%,,,,Total,11933041,4070.149816,41650260478,7.30759176,75.95,1.97644872
7882018,Tunisia,TN,TUN,788,Average number of deprivations for children suffering at least one deprivation. Homogeneous severe standards,2018,1.070324183,Total,,%,,,,Total,11933041,4070.149816,41650260478,7.30759176,75.95,1.97644872
7952015,Turkmenistan,TM,TKM,795,Average number of deprivations for children suffering at least one deprivation. Homogeneous severe standards,2015,1.055023789,Female,,%,,,,Total,5766431,6208.296655,33705628571,0,68.782,0
7952015,Turkmenistan,TM,TKM,795,Average number of deprivations for children suffering at least one deprivation. Homogeneous severe standards,2015,1.041559935,Male,,%,,,,Total,5766431,6208.296655,33705628571,0,68.782,0
7952015,Turkmenistan,TM,TKM,795,Average number of deprivations for children suffering at least one deprivation. Homogeneous severe standards,2015,1.048220515,Total,,%,,,,Total,5766431,6208.296655,33705628571,0,68.782,0
8002016,Uganda,UG,UGA,800,Average number of deprivations for children suffering at least one deprivation. Homogeneous severe standards,2016,1.230341434,Female,,%,,,,Total,38748299,875.7962531,28691910473,5.706375046,61.648,1.043258433
8002016,Uganda,UG,UGA,800,Average number of deprivations for children suffering at least one deprivation. Homogeneous severe standards,2016,1.220619559,Male,,%,,,,Total,38748299,875.7962531,28691910473,5.706375046,61.648,1.043258433
8002016,Uganda,UG,UGA,800,Average number of deprivations for children suffering at least one deprivation. Homogeneous severe standards,2016,1.225464344,Total,,%,,,,Total,38748299,875.7962531,28691910473,5.706375046,61.648,1.043258433
8872013,Yemen,YE,YEM,887,Average number of deprivations for children suffering at least one deprivation. Homogeneous severe standards,2013,1.506337285,Female,,%,,,,Total,26984002,2188.617198,43604820257,10.96844215,67.545,4.079527404
8872013,Yemen,YE,YEM,887,Average number of deprivations for children suffering at least one deprivation. Homogeneous severe standards,2013,1.449128389,Male,,%,,,,Total,26984002,2188.617198,43604820257,10.96844215,67.545,4.079527404
8872013,Yemen,YE,YEM,887,Average number of deprivations for children suffering at least one deprivation. Homogeneous severe standards,2013,1.477978468,Total,,%,,,,Total,26984002,2188.617198,43604820257,10.96844215,67.545,4.079527404
8942018,Zambia,ZM,ZMB,894,Average number of deprivations for children suffering at least one deprivation. Homogeneous severe standards,2018,1.269748092,Female,,%,,,,Total,17835893,1331.449244,25904703273,7.494571927,62.342,1.437498751
8942018,Zambia,ZM,ZMB,894,Average number of deprivations for children suffering at least one deprivation. Homogeneous severe standards,2018,1.259400129,Male,,%,,,,Total,17835893,1331.449244,25904703273,7.494571927,62.342,1.437498751
8942018,Zambia,ZM,ZMB,894,Average number of deprivations for children suffering at least one deprivation. Homogeneous severe standards,2018,1.2645123,Total,,%,,,,Total,17835893,1331.449244,25904703273,7.494571927,62.342,1.437498751
7162015,Zimbabwe,ZW,ZWE,716,Average number of deprivations for children suffering at least one deprivation. Homogeneous severe standards,2015,1.3074193,Female,,%,,,,Total,14154937,1410.329173,17604879500,-2.430968424,59.591,1.886308779
7162015,Zimbabwe,ZW,ZWE,716,Average number of deprivations for children suffering at least one deprivation. Homogeneous severe standards,2015,1.328143239,Male,,%,,,,Total,14154937,1410.329173,17604879500,-2.430968424,59.591,1.886308779
7162015,Zimbabwe,ZW,ZWE,716,Average number of deprivations for children suffering at least one deprivation. Homogeneous severe standards,2015,1.318108439,Total,,%,,,,Total,14154937,1410.329173,17604879500,-2.430968424,59.591,1.886308779
